Model,Mean Waiting Time,Max Queue Length,Throughput,Utilization
Original,18.29572473801212,11,105,94.76658975375561
Original,5.258702474515449,5,88,76.4841148994686
Original,13.693262519866053,8,84,87.55943531016747
Original,64.55140115013809,29,121,94.86285239146159
Original,23.471251187539767,15,110,90.95492407320049
Original,11.893709460505658,7,81,80.31967152560357
Original,12.52889637833452,11,93,82.95531639950474
Original,8.265859646332533,6,93,89.49386872036133
Original,13.361333865214073,8,97,90.83130011418537
Original,14.337511677958,8,96,93.45146553657109
Original,24.236300552075555,12,102,94.09929480555554
Original,9.918300671274555,7,93,86.92002587169442
Original,31.513868687344083,15,104,96.93562194785815
Original,15.284934498748411,10,105,95.76618401815902
Original,10.13233056050224,8,84,79.05140946664459
Original,4.842382317769644,5,87,79.85919891661037
Original,13.334355815948818,9,103,92.8968166798062
Original,20.145257098781354,12,94,93.97836999994101
Original,23.6024476806879,14,97,85.15305975359085
Original,8.928191188585004,8,91,84.82170071875024
Calibrated,6.073022262149592,7,105,78.60370963312765
Calibrated,2.354653985759748,4,88,62.5716546767503
Calibrated,4.652725761328212,5,84,68.55289412334086
Calibrated,24.098066232817175,13,121,90.07394440436323
Calibrated,7.032557470603121,7,110,79.43257878418213
Calibrated,4.484595577072959,6,81,64.49018862321057
Calibrated,5.813869370023631,7,93,69.79309337034809
Calibrated,2.6534559625519027,3,93,70.3488378085298
Calibrated,4.204105661107077,5,97,71.97819653661978
Calibrated,3.2379411613105042,4,96,74.05826811462565
Calibrated,5.0177086403347255,5,102,78.8916759820909
Calibrated,3.8075703420349982,5,93,68.72305284795065
Calibrated,6.6952555490163075,6,104,80.95572175227876
Calibrated,4.983168727528387,6,105,76.90729042534487
Calibrated,3.3311042269197837,4,84,63.252211216094146
Calibrated,2.0106686850451485,3,87,63.65690562848738
Calibrated,3.912658121590258,5,103,75.51741826748852
Calibrated,5.31941490098663,5,94,73.59270002802832
Calibrated,7.5905661816853,7,97,70.53720209978077
Calibrated,3.804460467022103,5,91,67.58585307526648
