Scenario,Mean Waiting Time,Max Queue Length,Throughput,Utilization
1 Officer,3.88405650156859,5,90,69.15354167569821
1 Officer,6.209443171291989,6,101,75.37345836184267
1 Officer,6.051409472528259,8,94,71.04702680804759
1 Officer,4.352722555401634,5,102,74.79644843433435
1 Officer,4.398095093877447,5,101,75.05065562667664
1 Officer,6.093669654086722,6,99,72.7747252330374
1 Officer,2.5176874470361446,3,92,70.48179715194837
1 Officer,3.7213200522285192,5,84,60.508743194978045
1 Officer,4.073317420645997,5,106,79.42110471288424
1 Officer,6.808991290163528,8,116,84.72101412929688
1 Officer,5.875773880963935,7,99,74.69546199335896
1 Officer,7.617699863711092,7,109,80.27817682481097
1 Officer,6.300378751772855,10,103,74.92328654059997
1 Officer,2.1694069462343495,3,83,63.983012808281494
1 Officer,2.707045554734653,4,80,64.12548401455103
1 Officer,7.678499425278445,6,106,82.10174707621589
1 Officer,2.098980495334523,4,82,62.20254625199355
1 Officer,7.958400892362727,11,111,79.87326390773951
1 Officer,6.010594618870062,6,99,76.33433736884137
1 Officer,8.62136289812564,9,102,76.78755130113525
1 Officer,4.204501754294002,5,107,80.94768447826411
1 Officer,3.309500618053218,4,90,68.17669227941197
1 Officer,2.914425276961856,4,84,63.06951499400078
1 Officer,1.8528206461062755,3,89,71.14144110281103
1 Officer,4.5729901943150075,4,101,78.10967070407135
1 Officer,4.191337008940461,6,87,66.19145390906809
1 Officer,3.1315595411030275,4,81,64.33884450893305
1 Officer,6.8216677673834365,9,104,77.16981117634103
1 Officer,5.791325652933547,6,101,74.56727949535022
1 Officer,3.377228269946714,6,98,71.78963795490388
2 Officers,0.2403204618859597,3,90,34.57677083784911
2 Officers,0.2897152013776464,3,101,37.68672918092135
2 Officers,0.36073010478780315,3,94,35.65423916241969
2 Officers,0.21856723126098018,2,102,37.619615379044184
2 Officers,0.3854015077949473,3,101,37.52532781333831
2 Officers,0.5891167689907549,4,99,36.502994187743035
2 Officers,0.17338080732924055,2,92,35.240898575974185
2 Officers,0.258784129390659,2,84,30.32509989561767
2 Officers,0.28504936503791284,2,106,40.871491333174994
2 Officers,0.5208808296625291,3,116,44.63505539326327
2 Officers,0.6341851410738835,4,99,37.682297589364886
2 Officers,0.2644986661438819,2,109,41.051360689739376
2 Officers,0.7291294427953767,3,103,40.05869925371971
2 Officers,0.1785933167266284,2,83,32.56493344727428
2 Officers,0.08804183233018818,1,80,32.16102318286108
2 Officers,0.2746353375852007,2,106,41.05087353810793
2 Officers,0.22030917709473974,3,82,31.10127312599677
2 Officers,0.4942398551248913,3,111,43.12770445147258
2 Officers,0.4607924012911062,3,99,38.21596181246628
2 Officers,0.42030901019057776,3,102,38.39377565056761
2 Officers,0.3007165802686436,3,107,40.74769953716927
2 Officers,0.2539001234972815,2,90,34.08834613970599
2 Officers,0.21798587151169432,2,84,31.784800644745452
2 Officers,0.1260495379404386,2,89,35.86091188525386
2 Officers,0.21985278800204974,3,101,39.054835352035674
2 Officers,0.22552013608351443,2,87,33.36972082820168
2 Officers,0.2063385145799603,2,81,32.16942225446651
2 Officers,0.4988784357358025,4,104,38.58490558817052
2 Officers,0.444398554203453,3,101,39.64599747325565
2 Officers,0.21381195287598492,2,98,37.34881237459008
