Replication,mean_waiting_time,max_queue_length,throughput,utilization
1,6.073022262149592,7,105,78.60370963312765
2,2.354653985759748,4,88,62.5716546767503
3,4.652725761328212,5,84,68.55289412334086
4,24.098066232817175,13,121,90.07394440436323
5,7.032557470603121,7,110,79.43257878418213
6,4.484595577072959,6,81,64.49018862321057
7,5.813869370023631,7,93,69.79309337034809
8,2.6534559625519027,3,93,70.3488378085298
9,4.204105661107077,5,97,71.97819653661978
10,3.2379411613105042,4,96,74.05826811462565
11,5.0177086403347255,5,102,78.8916759820909
12,3.8075703420349982,5,93,68.72305284795065
13,6.6952555490163075,6,104,80.95572175227876
14,4.983168727528387,6,105,76.90729042534487
15,3.3311042269197837,4,84,63.252211216094146
16,2.0106686850451485,3,87,63.65690562848738
17,3.912658121590258,5,103,75.51741826748852
18,5.31941490098663,5,94,73.59270002802832
19,7.5905661816853,7,97,70.53720209978077
20,3.804460467022103,5,91,67.58585307526648
